Sample Number,Time,Duration (s),SPL,Unit
1,93240.00000,0,76.1,dB
2,93241.00000,1,78.4,dB
3,93242.00000,2,81.1,dB
4,93243.00000,3,78.1,dB
5,93244.00000,4,80.8,dB
6,93245.00000,5,81.1,dB
7,93246.00000,6,77.3,dB
8,93247.00000,7,71.6,dB
9,93248.00000,8,67.3,dB
10,93249.00000,9,64.5,dB
11,93250.00000,10,64.8,dB
12,93251.00000,11,64.5,dB
13,93252.00000,12,65,dB
14,93253.00000,13,67.2,dB
15,93254.00000,14,61.4,dB
16,93255.00000,15,62,dB
17,93256.00000,16,62.7,dB
18,93257.00000,17,62.1,dB
19,93258.00000,18,58.3,dB
20,93259.00000,19,61.6,dB
21,93300.00000,20,58.2,dB
22,93301.00000,21,58.4,dB
23,93302.00000,22,58.2,dB
24,93303.00000,23,60.7,dB
25,93304.00000,24,58.3,dB
26,93305.00000,25,56.5,dB
27,93306.00000,26,54.5,dB
28,93307.00000,27,56.9,dB
29,93308.00000,28,56.5,dB
30,93309.00000,29,55.5,dB
31,93310.00000,30,55.6,dB
32,93311.00000,31,55.3,dB
33,93312.00000,32,54,dB
34,93313.00000,33,57.4,dB
35,93314.00000,34,63.5,dB
36,93315.00000,35,55.2,dB
37,93316.00000,36,55.5,dB
38,93317.00000,37,56.2,dB
39,93318.00000,38,55.1,dB
40,93319.00000,39,55.1,dB
41,93320.00000,40,59.8,dB
42,93321.00000,41,61.7,dB
43,93322.00000,42,61.9,dB
44,93323.00000,43,57.3,dB
45,93324.00000,44,56.2,dB
46,93325.00000,45,58.6,dB
47,93326.00000,46,55.9,dB
48,93327.00000,47,55.3,dB
49,93328.00000,48,57.3,dB
50,93329.00000,49,54.2,dB
51,93330.00000,50,54.8,dB
52,93331.00000,51,55.9,dB
53,93332.00000,52,54.7,dB
54,93333.00000,53,55.5,dB
55,93334.00000,54,56.8,dB
56,93335.00000,55,57.3,dB
57,93336.00000,56,56.4,dB
58,93337.00000,57,55.3,dB
59,93338.00000,58,55.2,dB
60,93339.00000,59,54.5,dB
61,93340.00000,60,54,dB
62,93341.00000,61,52.8,dB
63,93342.00000,62,54.2,dB
64,93343.00000,63,56.2,dB
65,93344.00000,64,55.2,dB
66,93345.00000,65,54.1,dB
67,93346.00000,66,54,dB
68,93347.00000,67,52.7,dB
69,93348.00000,68,54,dB
70,93349.00000,69,53.4,dB
71,93350.00000,70,52.5,dB
72,93351.00000,71,56,dB
73,93352.00000,72,56.3,dB
74,93353.00000,73,57.8,dB
75,93354.00000,74,67.4,dB
76,93355.00000,75,62,dB
77,93356.00000,76,60.4,dB
78,93357.00000,77,59.8,dB
79,93358.00000,78,55.1,dB
80,93359.00000,79,57.1,dB
81,93400.00000,80,55.6,dB
82,93401.00000,81,60.3,dB
83,93402.00000,82,58.6,dB
84,93403.00000,83,64.6,dB
85,93404.00000,84,59.2,dB
86,93405.00000,85,64.8,dB
87,93406.00000,86,64.9,dB
88,93407.00000,87,62.1,dB
89,93408.00000,88,65.7,dB
90,93409.00000,89,60.5,dB
91,93410.00000,90,64,dB
92,93411.00000,91,59.5,dB
93,93412.00000,92,62.4,dB
94,93413.00000,93,56.5,dB
95,93414.00000,94,56.2,dB
96,93415.00000,95,56.7,dB
97,93416.00000,96,55.2,dB
98,93417.00000,97,56.6,dB
99,93418.00000,98,58.3,dB
100,93419.00000,99,57.6,dB
101,93420.00000,100,71.4,dB
102,93421.00000,101,60.6,dB
103,93422.00000,102,60.4,dB
104,93423.00000,103,65.1,dB
105,93424.00000,104,62.8,dB
106,93425.00000,105,55.1,dB
107,93426.00000,106,60.9,dB
108,93427.00000,107,61.8,dB
109,93428.00000,108,56.3,dB
110,93429.00000,109,56.5,dB
111,93430.00000,110,58.8,dB
112,93431.00000,111,59.7,dB
113,93432.00000,112,58.7,dB
114,93433.00000,113,63.5,dB
115,93434.00000,114,64.5,dB
116,93435.00000,115,58.3,dB
117,93436.00000,116,58.2,dB
118,93437.00000,117,59.7,dB
119,93438.00000,118,58.1,dB
120,93439.00000,119,57.9,dB
121,93440.00000,120,56.7,dB
122,93441.00000,121,55.8,dB
123,93442.00000,122,56.8,dB
124,93443.00000,123,58.1,dB
125,93444.00000,124,56.5,dB
126,93445.00000,125,56.3,dB
127,93446.00000,126,55.3,dB
128,93447.00000,127,55.5,dB
129,93448.00000,128,56.4,dB
130,93449.00000,129,59.8,dB
131,93450.00000,130,55.3,dB
132,93451.00000,131,55.5,dB
133,93452.00000,132,56.5,dB
134,93453.00000,133,60.9,dB
135,93454.00000,134,65,dB
136,93455.00000,135,65,dB
137,93456.00000,136,62.9,dB
138,93457.00000,137,58.8,dB
139,93458.00000,138,60.4,dB
140,93459.00000,139,63.2,dB
141,93500.00000,140,63.2,dB
142,93501.00000,141,62.7,dB
143,93502.00000,142,64.9,dB
144,93503.00000,143,61.6,dB
145,93504.00000,144,61.8,dB
146,93505.00000,145,61.3,dB
147,93506.00000,146,58.8,dB
148,93507.00000,147,62.4,dB
149,93508.00000,148,58.3,dB
150,93509.00000,149,58.6,dB
151,93510.00000,150,58.4,dB
152,93511.00000,151,61.2,dB
153,93512.00000,152,61.1,dB
154,93513.00000,153,63.5,dB
155,93514.00000,154,61.4,dB
156,93515.00000,155,60.7,dB
157,93516.00000,156,61.5,dB
158,93517.00000,157,61,dB
159,93518.00000,158,55.2,dB
160,93519.00000,159,55.3,dB
161,93520.00000,160,60.9,dB
162,93521.00000,161,65.4,dB
163,93522.00000,162,62.9,dB
164,93523.00000,163,60.9,dB
165,93524.00000,164,62.6,dB
166,93525.00000,165,63.9,dB
167,93526.00000,166,63.7,dB
168,93527.00000,167,63.8,dB
169,93528.00000,168,60.3,dB
170,93529.00000,169,66.6,dB
171,93530.00000,170,64,dB
172,93531.00000,171,62.1,dB
173,93532.00000,172,63.2,dB
174,93533.00000,173,68.1,dB
175,93534.00000,174,67.4,dB
176,93535.00000,175,70.7,dB
177,93536.00000,176,75.7,dB
178,93537.00000,177,84.3,dB
179,93538.00000,178,86.4,dB
180,93539.00000,179,78.6,dB
181,93540.00000,180,74.7,dB
182,93541.00000,181,72.6,dB
183,93542.00000,182,70.2,dB
184,93543.00000,183,70.2,dB
185,93544.00000,184,65.9,dB
186,93545.00000,185,66.4,dB
187,93546.00000,186,65.6,dB
188,93547.00000,187,63.4,dB
189,93548.00000,188,63.2,dB
190,93549.00000,189,64.4,dB
191,93550.00000,190,60.6,dB
192,93551.00000,191,62.1,dB
193,93552.00000,192,57,dB
194,93553.00000,193,58.9,dB
195,93554.00000,194,58.8,dB
196,93555.00000,195,62,dB
197,93556.00000,196,62.3,dB
198,93557.00000,197,57.9,dB
199,93558.00000,198,56.6,dB
200,93559.00000,199,60.9,dB
201,93600.00000,200,63.3,dB
202,93601.00000,201,62.1,dB
203,93602.00000,202,59.4,dB
204,93603.00000,203,61.8,dB
205,93604.00000,204,62.6,dB
206,93605.00000,205,56.8,dB
207,93606.00000,206,56.8,dB
208,93607.00000,207,55.3,dB
209,93608.00000,208,58.2,dB
210,93609.00000,209,57.7,dB
211,93610.00000,210,57.7,dB
212,93611.00000,211,63.8,dB
213,93612.00000,212,58.2,dB
214,93613.00000,213,66.4,dB
215,93614.00000,214,63.3,dB
216,93615.00000,215,61.3,dB
217,93616.00000,216,63.5,dB
218,93617.00000,217,63,dB
219,93618.00000,218,63.6,dB
220,93619.00000,219,63,dB
221,93620.00000,220,64.8,dB
222,93621.00000,221,60.7,dB
223,93622.00000,222,58.9,dB
224,93623.00000,223,60.8,dB
225,93624.00000,224,58.4,dB
226,93625.00000,225,68.6,dB
227,93626.00000,226,61.9,dB
228,93627.00000,227,64.5,dB
229,93628.00000,228,58,dB
230,93629.00000,229,62.9,dB
231,93630.00000,230,61.6,dB
232,93631.00000,231,60.1,dB
233,93632.00000,232,64.8,dB
234,93633.00000,233,61.6,dB
235,93634.00000,234,61.1,dB
236,93635.00000,235,64.4,dB
237,93636.00000,236,63.2,dB
238,93637.00000,237,66.4,dB
239,93638.00000,238,61.1,dB
240,93639.00000,239,58.2,dB
241,93640.00000,240,59.2,dB
242,93641.00000,241,65.8,dB
243,93642.00000,242,56.6,dB
244,93643.00000,243,61.4,dB
245,93644.00000,244,61.7,dB
246,93645.00000,245,58.2,dB
247,93646.00000,246,63.2,dB
248,93647.00000,247,60.2,dB
249,93648.00000,248,60.7,dB
250,93649.00000,249,69.2,dB
251,93650.00000,250,58.5,dB
252,93651.00000,251,60.6,dB
253,93652.00000,252,56.3,dB
254,93653.00000,253,64.5,dB
255,93654.00000,254,57.8,dB
256,93655.00000,255,59.6,dB
257,93656.00000,256,56.2,dB
258,93657.00000,257,57.8,dB
259,93658.00000,258,54.8,dB
260,93659.00000,259,56.9,dB
261,93700.00000,260,62.6,dB
262,93701.00000,261,57.4,dB
263,93702.00000,262,56.2,dB
264,93703.00000,263,57.4,dB
265,93704.00000,264,64.1,dB
266,93705.00000,265,60.2,dB
267,93706.00000,266,59.8,dB
268,93707.00000,267,61.8,dB
269,93708.00000,268,61.6,dB
270,93709.00000,269,55.5,dB
271,93710.00000,270,57.4,dB
272,93711.00000,271,54.9,dB
273,93712.00000,272,58.6,dB
274,93713.00000,273,56.6,dB
275,93714.00000,274,57.8,dB
276,93715.00000,275,57.9,dB
277,93716.00000,276,55,dB
278,93717.00000,277,60.4,dB
279,93718.00000,278,59.8,dB
280,93719.00000,279,58.8,dB
281,93720.00000,280,61.2,dB
282,93721.00000,281,58.3,dB
283,93722.00000,282,58.3,dB
284,93723.00000,283,60.1,dB
285,93724.00000,284,61.9,dB
286,93725.00000,285,63.6,dB
287,93726.00000,286,64.9,dB
288,93727.00000,287,63.1,dB
289,93728.00000,288,60.6,dB
290,93729.00000,289,59.3,dB
291,93730.00000,290,58.9,dB
292,93731.00000,291,59.7,dB
293,93732.00000,292,61,dB
294,93733.00000,293,58,dB
295,93734.00000,294,56.3,dB
296,93735.00000,295,54.8,dB
297,93736.00000,296,55.7,dB
298,93737.00000,297,60.5,dB
299,93738.00000,298,60.5,dB
300,93739.00000,299,60.8,dB
301,93740.00000,300,60.9,dB
302,93741.00000,301,56.8,dB
303,93742.00000,302,62.6,dB
304,93743.00000,303,61.2,dB
305,93744.00000,304,57.7,dB
306,93745.00000,305,60.8,dB
307,93746.00000,306,56.7,dB
308,93747.00000,307,58.7,dB
309,93748.00000,308,56,dB
310,93749.00000,309,56.7,dB
311,93750.00000,310,59,dB
312,93751.00000,311,60.4,dB
313,93752.00000,312,59,dB
314,93753.00000,313,56.6,dB
315,93754.00000,314,56.2,dB
316,93755.00000,315,64,dB
317,93756.00000,316,62,dB
318,93757.00000,317,69.8,dB
319,93758.00000,318,58.9,dB
320,93759.00000,319,61.1,dB
321,93800.00000,320,66.1,dB
322,93801.00000,321,61.4,dB
323,93802.00000,322,59,dB
324,93803.00000,323,67.5,dB
325,93804.00000,324,61.2,dB
326,93805.00000,325,66,dB
327,93806.00000,326,60.8,dB
328,93807.00000,327,61.8,dB
329,93808.00000,328,62.8,dB
330,93809.00000,329,64.3,dB
331,93810.00000,330,57.2,dB
332,93811.00000,331,58.9,dB
333,93812.00000,332,60.1,dB
334,93813.00000,333,60.2,dB
335,93814.00000,334,67.9,dB
336,93815.00000,335,63.1,dB
337,93816.00000,336,59.5,dB
338,93817.00000,337,54.8,dB
339,93818.00000,338,59.7,dB
340,93819.00000,339,64.3,dB
341,93820.00000,340,56.1,dB
342,93821.00000,341,57.1,dB
343,93822.00000,342,56.2,dB
344,93823.00000,343,56.4,dB
345,93824.00000,344,55.9,dB
346,93825.00000,345,59.6,dB
347,93826.00000,346,62.3,dB
348,93827.00000,347,59.9,dB
349,93828.00000,348,58.5,dB
350,93829.00000,349,62.6,dB
351,93830.00000,350,63.3,dB
352,93831.00000,351,61.3,dB
353,93832.00000,352,63.6,dB
354,93833.00000,353,61.4,dB
355,93834.00000,354,62.3,dB
356,93835.00000,355,65.2,dB
357,93836.00000,356,64.4,dB
358,93837.00000,357,62.6,dB
359,93838.00000,358,62.1,dB
360,93839.00000,359,59,dB
361,93840.00000,360,62,dB
362,93841.00000,361,61.3,dB
363,93842.00000,362,59.5,dB
364,93843.00000,363,67.5,dB
365,93844.00000,364,66.2,dB
366,93845.00000,365,68.3,dB
367,93846.00000,366,65.8,dB
368,93847.00000,367,73.2,dB
369,93848.00000,368,66.3,dB
370,93849.00000,369,60.5,dB
371,93850.00000,370,65.9,dB
372,93851.00000,371,69.9,dB
373,93852.00000,372,70.7,dB
374,93853.00000,373,63.8,dB
375,93854.00000,374,66.3,dB
376,93855.00000,375,62.8,dB
377,93856.00000,376,67.5,dB
378,93857.00000,377,60.3,dB
379,93858.00000,378,68.8,dB
380,93859.00000,379,63.2,dB
381,93900.00000,380,64.3,dB
382,93901.00000,381,66.4,dB
383,93902.00000,382,63.7,dB
384,93903.00000,383,62.4,dB
385,93904.00000,384,64.7,dB
386,93905.00000,385,67.2,dB
387,93906.00000,386,66,dB
388,93907.00000,387,60.5,dB
389,93908.00000,388,65.1,dB
390,93909.00000,389,65.2,dB
391,93910.00000,390,60.7,dB
392,93911.00000,391,64.7,dB
393,93912.00000,392,59.8,dB
394,93913.00000,393,60.2,dB
395,93914.00000,394,63.2,dB
396,93915.00000,395,60.3,dB
397,93916.00000,396,57.6,dB
398,93917.00000,397,71.4,dB
399,93918.00000,398,66,dB
400,93919.00000,399,62.7,dB
401,93920.00000,400,62.4,dB
402,93921.00000,401,71.9,dB
403,93922.00000,402,59.7,dB
404,93923.00000,403,67.2,dB
405,93924.00000,404,60.8,dB
406,93925.00000,405,55.6,dB
407,93926.00000,406,60.8,dB
408,93927.00000,407,62.4,dB
409,93928.00000,408,58.1,dB
410,93929.00000,409,58.9,dB
411,93930.00000,410,57.4,dB
412,93931.00000,411,55.3,dB
413,93932.00000,412,56.3,dB
414,93933.00000,413,61.4,dB
415,93934.00000,414,61.1,dB
416,93935.00000,415,59,dB
417,93936.00000,416,58.2,dB
418,93937.00000,417,63.4,dB
419,93938.00000,418,59.5,dB
420,93939.00000,419,59.4,dB
421,93940.00000,420,58.1,dB
422,93941.00000,421,58.6,dB
423,93942.00000,422,58.9,dB
424,93943.00000,423,56.3,dB
425,93944.00000,424,59,dB
426,93945.00000,425,67,dB
427,93946.00000,426,64.6,dB
428,93947.00000,427,57.7,dB
429,93948.00000,428,58.4,dB
430,93949.00000,429,58.9,dB
431,93950.00000,430,56.1,dB
432,93951.00000,431,60.5,dB
433,93952.00000,432,55.9,dB
434,93953.00000,433,65.3,dB
435,93954.00000,434,58.7,dB
436,93955.00000,435,60.4,dB
437,93956.00000,436,58.5,dB
438,93957.00000,437,69.8,dB
439,93958.00000,438,67.3,dB
440,93959.00000,439,61.6,dB
441,94000.00000,440,58.8,dB
442,94001.00000,441,57.8,dB
443,94002.00000,442,56.9,dB
444,94003.00000,443,65.6,dB
445,94004.00000,444,65.8,dB
446,94005.00000,445,63,dB
447,94006.00000,446,61.7,dB
448,94007.00000,447,65,dB
449,94008.00000,448,64.3,dB
450,94009.00000,449,61,dB
451,94010.00000,450,64.4,dB
452,94011.00000,451,58,dB
453,94012.00000,452,56.8,dB
454,94013.00000,453,57.9,dB
455,94014.00000,454,60.8,dB
456,94015.00000,455,64,dB
457,94016.00000,456,63.6,dB
458,94017.00000,457,61.3,dB
459,94018.00000,458,61.8,dB
460,94019.00000,459,61.8,dB
461,94020.00000,460,62.9,dB
462,94021.00000,461,63.2,dB
463,94022.00000,462,63.6,dB
464,94023.00000,463,58.2,dB
465,94024.00000,464,65.1,dB
466,94025.00000,465,63.4,dB
467,94026.00000,466,68.2,dB
468,94027.00000,467,64.5,dB
469,94028.00000,468,57.3,dB
470,94029.00000,469,65.6,dB
471,94030.00000,470,64.4,dB
472,94031.00000,471,63.1,dB
473,94032.00000,472,63.3,dB
474,94033.00000,473,63.7,dB
475,94034.00000,474,59.2,dB
476,94035.00000,475,68.9,dB
477,94036.00000,476,62,dB
478,94037.00000,477,64.1,dB
479,94038.00000,478,60.4,dB
480,94039.00000,479,59.3,dB
481,94040.00000,480,59.2,dB
482,94041.00000,481,61.5,dB
483,94042.00000,482,58.3,dB
484,94043.00000,483,57.7,dB
485,94044.00000,484,56.2,dB
486,94045.00000,485,63.5,dB
487,94046.00000,486,60.7,dB
488,94047.00000,487,64.9,dB
489,94048.00000,488,63.2,dB
490,94049.00000,489,66.4,dB
491,94050.00000,490,60,dB
492,94051.00000,491,59.9,dB
493,94052.00000,492,62.7,dB
494,94053.00000,493,65.4,dB
495,94054.00000,494,66.4,dB
496,94055.00000,495,68.2,dB
497,94056.00000,496,71,dB
498,94057.00000,497,75.7,dB
499,94058.00000,498,78.7,dB
500,94059.00000,499,84.6,dB
501,94100.00000,500,87.4,dB
502,94101.00000,501,88.1,dB
503,94102.00000,502,81.5,dB
504,94103.00000,503,76.5,dB
505,94104.00000,504,74.1,dB
506,94105.00000,505,71.6,dB
507,94106.00000,506,70.8,dB
508,94107.00000,507,71,dB
509,94108.00000,508,70.3,dB
510,94109.00000,509,71,dB
511,94110.00000,510,65.7,dB
512,94111.00000,511,66.6,dB
513,94112.00000,512,66.2,dB
514,94113.00000,513,59.6,dB
515,94114.00000,514,60.9,dB
516,94115.00000,515,59.9,dB
517,94116.00000,516,61.4,dB
518,94117.00000,517,59.6,dB
519,94118.00000,518,60.8,dB
520,94119.00000,519,58.7,dB
521,94120.00000,520,58.4,dB
522,94121.00000,521,63,dB
523,94122.00000,522,59,dB
524,94123.00000,523,61.4,dB
525,94124.00000,524,61.7,dB
526,94125.00000,525,59.5,dB
527,94126.00000,526,61.7,dB
528,94127.00000,527,62.5,dB
529,94128.00000,528,62,dB
530,94129.00000,529,58.3,dB
531,94130.00000,530,63,dB
532,94131.00000,531,63.3,dB
533,94132.00000,532,61.9,dB
534,94133.00000,533,64.8,dB
535,94134.00000,534,63.8,dB
536,94135.00000,535,65.5,dB
537,94136.00000,536,71.1,dB
538,94137.00000,537,62.5,dB
539,94138.00000,538,69.4,dB
540,94139.00000,539,60.3,dB
541,94140.00000,540,57.8,dB
542,94141.00000,541,58.4,dB
543,94142.00000,542,58.9,dB
544,94143.00000,543,59.1,dB
545,94144.00000,544,58.6,dB
546,94145.00000,545,65.9,dB
547,94146.00000,546,59.9,dB
548,94147.00000,547,64.1,dB
549,94148.00000,548,60.9,dB
550,94149.00000,549,62.3,dB
551,94150.00000,550,64.3,dB
552,94151.00000,551,69.9,dB
553,94152.00000,552,59.9,dB
554,94153.00000,553,59.9,dB
555,94154.00000,554,70.1,dB
556,94155.00000,555,74.4,dB
557,94156.00000,556,70.7,dB
558,94157.00000,557,70.6,dB
559,94158.00000,558,64.6,dB
560,94159.00000,559,65.6,dB
561,94200.00000,560,62.7,dB
562,94201.00000,561,57.9,dB
563,94202.00000,562,62.3,dB
564,94203.00000,563,56.4,dB
565,94204.00000,564,63.4,dB
566,94205.00000,565,60.6,dB
567,94206.00000,566,58.4,dB
568,94207.00000,567,55.6,dB
569,94208.00000,568,55.8,dB
570,94209.00000,569,55.7,dB
571,94210.00000,570,54.9,dB
572,94211.00000,571,62.9,dB
573,94212.00000,572,57.7,dB
574,94213.00000,573,57.9,dB
575,94214.00000,574,56.7,dB
576,94215.00000,575,60.4,dB
577,94216.00000,576,58.8,dB
578,94217.00000,577,59.8,dB
579,94218.00000,578,57.4,dB
580,94219.00000,579,57.3,dB
581,94220.00000,580,62.7,dB
582,94221.00000,581,55,dB
583,94222.00000,582,56.2,dB
584,94223.00000,583,57.2,dB
585,94224.00000,584,60.2,dB
586,94225.00000,585,55.9,dB
587,94226.00000,586,60.7,dB
588,94227.00000,587,57.1,dB
589,94228.00000,588,57.2,dB
590,94229.00000,589,57.4,dB
591,94230.00000,590,65.9,dB
592,94231.00000,591,66.1,dB
593,94232.00000,592,59.9,dB
594,94233.00000,593,63.5,dB
595,94234.00000,594,62.6,dB
596,94235.00000,595,58.9,dB
597,94236.00000,596,56.9,dB
598,94237.00000,597,58.7,dB
599,94238.00000,598,61,dB
600,94239.00000,599,57.8,dB
601,94240.00000,600,58.4,dB
602,94241.00000,601,59.4,dB
603,94242.00000,602,62.2,dB
604,94243.00000,603,61.6,dB
605,94244.00000,604,63.5,dB
606,94245.00000,605,67.8,dB
607,94246.00000,606,67.5,dB
608,94247.00000,607,73,dB
609,94248.00000,608,75.3,dB
610,94249.00000,609,76.3,dB
611,94250.00000,610,79.6,dB
612,94251.00000,611,85.8,dB
613,94252.00000,612,90.1,dB
614,94253.00000,613,90,dB
615,94254.00000,614,82.5,dB
616,94255.00000,615,77.6,dB
617,94256.00000,616,76.1,dB
618,94257.00000,617,72.8,dB
619,94258.00000,618,71.2,dB
620,94259.00000,619,68.8,dB
621,94300.00000,620,67.1,dB
622,94301.00000,621,66.6,dB
623,94302.00000,622,63.2,dB
624,94303.00000,623,61.7,dB
625,94304.00000,624,60.3,dB
626,94305.00000,625,61.7,dB
627,94306.00000,626,61,dB
628,94307.00000,627,60.2,dB
629,94308.00000,628,62.9,dB
630,94309.00000,629,63.4,dB
631,94310.00000,630,58.7,dB
632,94311.00000,631,58.8,dB
633,94312.00000,632,56.7,dB
634,94313.00000,633,62.3,dB
635,94314.00000,634,58.9,dB
636,94315.00000,635,58.7,dB
637,94316.00000,636,57.5,dB
638,94317.00000,637,57.5,dB
639,94318.00000,638,56.5,dB
640,94319.00000,639,64.8,dB
641,94320.00000,640,66.2,dB
642,94321.00000,641,61.5,dB
643,94322.00000,642,65.2,dB
644,94323.00000,643,63,dB
645,94324.00000,644,60.7,dB
646,94325.00000,645,60.3,dB
647,94326.00000,646,59.7,dB
648,94327.00000,647,64.6,dB
649,94328.00000,648,62.8,dB
650,94329.00000,649,67.1,dB
651,94330.00000,650,57.9,dB
652,94331.00000,651,58.7,dB
653,94332.00000,652,57.8,dB
654,94333.00000,653,58,dB
655,94334.00000,654,57.6,dB
656,94335.00000,655,59.5,dB
657,94336.00000,656,57.3,dB
658,94337.00000,657,67.6,dB
659,94338.00000,658,64.6,dB
660,94339.00000,659,64,dB
661,94340.00000,660,60.2,dB
662,94341.00000,661,56.2,dB
663,94342.00000,662,56.5,dB
664,94343.00000,663,57,dB
665,94344.00000,664,55,dB
666,94345.00000,665,55.4,dB
667,94346.00000,666,61,dB
668,94347.00000,667,57.7,dB
669,94348.00000,668,57.7,dB
670,94349.00000,669,61.2,dB
671,94350.00000,670,57.6,dB
672,94351.00000,671,59.1,dB
673,94352.00000,672,59.2,dB
674,94353.00000,673,54.1,dB
675,94354.00000,674,62.4,dB
676,94355.00000,675,57.4,dB
677,94356.00000,676,56.3,dB
678,94357.00000,677,53.8,dB
679,94358.00000,678,52.2,dB
680,94359.00000,679,52.6,dB
681,94400.00000,680,54.5,dB
682,94401.00000,681,63.1,dB
683,94402.00000,682,56.4,dB
684,94403.00000,683,61,dB
685,94404.00000,684,56.1,dB
686,94405.00000,685,64.8,dB
687,94406.00000,686,60.9,dB
688,94407.00000,687,55.8,dB
689,94408.00000,688,53.5,dB
690,94409.00000,689,56.7,dB
691,94410.00000,690,56.6,dB
692,94411.00000,691,54.2,dB
693,94412.00000,692,53.2,dB
694,94413.00000,693,55.5,dB
695,94414.00000,694,56,dB
696,94415.00000,695,58.4,dB
697,94416.00000,696,56.3,dB
698,94417.00000,697,57.5,dB
699,94418.00000,698,57.2,dB
700,94419.00000,699,55.6,dB
701,94420.00000,700,59.9,dB
702,94421.00000,701,61.1,dB
703,94422.00000,702,63.3,dB
704,94423.00000,703,63.4,dB
705,94424.00000,704,64.6,dB
706,94425.00000,705,72.9,dB
707,94426.00000,706,74,dB
708,94427.00000,707,74.4,dB
709,94428.00000,708,77.7,dB
710,94429.00000,709,79.8,dB
711,94430.00000,710,80,dB
712,94431.00000,711,84.9,dB
713,94432.00000,712,88.6,dB
714,94433.00000,713,92.6,dB
715,94434.00000,714,94.3,dB
716,94435.00000,715,89.6,dB
717,94436.00000,716,83.1,dB
718,94437.00000,717,81,dB
719,94438.00000,718,77.5,dB
720,94439.00000,719,73.2,dB
721,94440.00000,720,72.7,dB
722,94441.00000,721,71.1,dB
723,94442.00000,722,70.1,dB
724,94443.00000,723,67.7,dB
725,94444.00000,724,67.1,dB
726,94445.00000,725,64.6,dB
727,94446.00000,726,63.1,dB
728,94447.00000,727,64,dB
729,94448.00000,728,63.2,dB
730,94449.00000,729,62.8,dB
731,94450.00000,730,62.6,dB
732,94451.00000,731,60.4,dB
733,94452.00000,732,63.1,dB
734,94453.00000,733,68.7,dB
735,94454.00000,734,61.3,dB
736,94455.00000,735,61.6,dB
737,94456.00000,736,60,dB
738,94457.00000,737,59.9,dB
739,94458.00000,738,59,dB
740,94459.00000,739,59.4,dB
741,94500.00000,740,59.4,dB
742,94501.00000,741,61,dB
743,94502.00000,742,60.2,dB
744,94503.00000,743,58.8,dB
745,94504.00000,744,58.7,dB
746,94505.00000,745,58.8,dB
747,94506.00000,746,58.5,dB
748,94507.00000,747,59,dB
749,94508.00000,748,57.5,dB
750,94509.00000,749,57.5,dB
751,94510.00000,750,57.6,dB
752,94511.00000,751,57.9,dB
753,94512.00000,752,58.8,dB
754,94513.00000,753,55.9,dB
755,94514.00000,754,55.6,dB
756,94515.00000,755,54.4,dB
757,94516.00000,756,56.2,dB
758,94517.00000,757,59.6,dB
759,94518.00000,758,59.7,dB
760,94519.00000,759,61.5,dB
761,94520.00000,760,59.3,dB
762,94521.00000,761,56.7,dB
763,94522.00000,762,55.3,dB
764,94523.00000,763,56,dB
765,94524.00000,764,54.6,dB
766,94525.00000,765,54.5,dB
767,94526.00000,766,60,dB
768,94527.00000,767,56.5,dB
769,94528.00000,768,59.7,dB
770,94529.00000,769,59.7,dB
771,94530.00000,770,57.8,dB
772,94531.00000,771,57.5,dB
773,94532.00000,772,60.6,dB
774,94533.00000,773,63.8,dB
775,94534.00000,774,62.8,dB
776,94535.00000,775,60.8,dB
777,94536.00000,776,60.6,dB
778,94537.00000,777,54.8,dB
779,94538.00000,778,55.3,dB
780,94539.00000,779,55.3,dB
781,94540.00000,780,54.5,dB
782,94541.00000,781,61.9,dB
783,94542.00000,782,61,dB
784,94543.00000,783,57.9,dB
785,94544.00000,784,62.3,dB
786,94545.00000,785,56.6,dB
787,94546.00000,786,53,dB
788,94547.00000,787,54,dB
789,94548.00000,788,53.2,dB
790,94549.00000,789,52.2,dB
791,94550.00000,790,53.1,dB
792,94551.00000,791,59.1,dB
793,94552.00000,792,60.1,dB
794,94553.00000,793,58.4,dB
795,94554.00000,794,57.3,dB
796,94555.00000,795,62.9,dB
797,94556.00000,796,55.9,dB
798,94557.00000,797,54.4,dB
799,94558.00000,798,56.2,dB
800,94559.00000,799,57.2,dB
801,94600.00000,800,58.5,dB
802,94601.00000,801,62.8,dB
803,94602.00000,802,65.2,dB
804,94603.00000,803,59.2,dB
805,94604.00000,804,58.9,dB
806,94605.00000,805,58.4,dB
807,94606.00000,806,61.3,dB
808,94607.00000,807,58.9,dB
809,94608.00000,808,57,dB
810,94609.00000,809,57.5,dB
811,94610.00000,810,56.6,dB
812,94611.00000,811,59,dB
813,94612.00000,812,57.5,dB
814,94613.00000,813,54.2,dB
815,94614.00000,814,67,dB
816,94615.00000,815,58.8,dB
817,94616.00000,816,58.1,dB
818,94617.00000,817,61.6,dB
819,94618.00000,818,54.3,dB
820,94619.00000,819,52.8,dB
821,94620.00000,820,57.6,dB
822,94621.00000,821,56.5,dB
823,94622.00000,822,57.8,dB
824,94623.00000,823,61.7,dB
825,94624.00000,824,60.5,dB
826,94625.00000,825,64.9,dB
827,94626.00000,826,65.4,dB
828,94627.00000,827,61,dB
829,94628.00000,828,57.5,dB
830,94629.00000,829,61.2,dB
831,94630.00000,830,56.6,dB
832,94631.00000,831,59.4,dB
833,94632.00000,832,55.3,dB
834,94633.00000,833,63.1,dB
835,94634.00000,834,60.7,dB
836,94635.00000,835,56.5,dB
837,94636.00000,836,61.9,dB
838,94637.00000,837,61.7,dB
839,94638.00000,838,64.9,dB
840,94639.00000,839,64.8,dB
841,94640.00000,840,70.2,dB
842,94641.00000,841,73.2,dB
843,94642.00000,842,76.1,dB
844,94643.00000,843,80.9,dB
845,94644.00000,844,82.7,dB
846,94645.00000,845,89.8,dB
847,94646.00000,846,92.8,dB
848,94647.00000,847,87.3,dB
849,94648.00000,848,80.7,dB
850,94649.00000,849,80.3,dB
851,94650.00000,850,76.7,dB
852,94651.00000,851,74,dB
853,94652.00000,852,77.3,dB
854,94653.00000,853,73.8,dB
855,94654.00000,854,70.9,dB
856,94655.00000,855,70.7,dB
857,94656.00000,856,67.2,dB
858,94657.00000,857,65.8,dB
859,94658.00000,858,66.1,dB
860,94659.00000,859,64.1,dB
861,94700.00000,860,62.6,dB
862,94701.00000,861,62.3,dB
863,94702.00000,862,64.3,dB
864,94703.00000,863,63.3,dB
865,94704.00000,864,59.3,dB
866,94705.00000,865,58.1,dB
867,94706.00000,866,60.2,dB
868,94707.00000,867,56.2,dB
869,94708.00000,868,56,dB
870,94709.00000,869,56.2,dB
871,94710.00000,870,59.9,dB
872,94711.00000,871,61.4,dB
873,94712.00000,872,65.6,dB
874,94713.00000,873,59.4,dB
875,94714.00000,874,62.4,dB
876,94715.00000,875,66.6,dB
877,94716.00000,876,64.7,dB
878,94717.00000,877,61.8,dB
879,94718.00000,878,61.2,dB
880,94719.00000,879,60,dB
881,94720.00000,880,60,dB
882,94721.00000,881,57.6,dB
883,94722.00000,882,58,dB
884,94723.00000,883,57.7,dB
885,94724.00000,884,57.7,dB
886,94725.00000,885,57.6,dB
887,94726.00000,886,58.1,dB
888,94727.00000,887,56.5,dB
889,94728.00000,888,67.6,dB
890,94729.00000,889,66.6,dB
891,94730.00000,890,63.5,dB
892,94731.00000,891,64.2,dB
893,94732.00000,892,57.7,dB
894,94733.00000,893,61.7,dB
895,94734.00000,894,60.4,dB
896,94735.00000,895,56,dB
897,94736.00000,896,61.4,dB
898,94737.00000,897,58.6,dB
899,94738.00000,898,66.9,dB
900,94739.00000,899,56.1,dB
901,94740.00000,900,60.1,dB
902,94741.00000,901,62.2,dB
903,94742.00000,902,54.8,dB
904,94743.00000,903,54.8,dB
905,94744.00000,904,61.6,dB
906,94745.00000,905,55.9,dB
907,94746.00000,906,63.5,dB
908,94747.00000,907,58.9,dB
909,94748.00000,908,58.1,dB
910,94749.00000,909,61,dB
911,94750.00000,910,56.8,dB
912,94751.00000,911,63.4,dB
913,94752.00000,912,59.2,dB
914,94753.00000,913,60.9,dB
915,94754.00000,914,56.5,dB
916,94755.00000,915,63.1,dB
917,94756.00000,916,55.9,dB
918,94757.00000,917,65.9,dB
919,94758.00000,918,70.8,dB
920,94759.00000,919,59.1,dB
921,94800.00000,920,63.3,dB
922,94801.00000,921,57.4,dB
923,94802.00000,922,59.4,dB
924,94803.00000,923,59.1,dB
925,94804.00000,924,65.6,dB
926,94805.00000,925,64.9,dB
927,94806.00000,926,60,dB
928,94807.00000,927,58.5,dB
929,94808.00000,928,70.3,dB
930,94809.00000,929,70.3,dB
931,94810.00000,930,58.4,dB
932,94811.00000,931,61.5,dB
933,94812.00000,932,64.2,dB
934,94813.00000,933,68.9,dB
935,94814.00000,934,58.2,dB
936,94815.00000,935,57,dB
937,94816.00000,936,65.4,dB
938,94817.00000,937,60.7,dB
939,94818.00000,938,62.2,dB
940,94819.00000,939,65.6,dB
941,94820.00000,940,68.2,dB
942,94821.00000,941,72.7,dB
943,94822.00000,942,81.7,dB
944,94823.00000,943,82.3,dB
945,94824.00000,944,84.3,dB
946,94825.00000,945,91.3,dB
947,94826.00000,946,91.7,dB
948,94827.00000,947,87.4,dB
949,94828.00000,948,80.9,dB
950,94829.00000,949,78.3,dB
951,94830.00000,950,79.8,dB
952,94831.00000,951,74.4,dB
953,94832.00000,952,71.3,dB
954,94833.00000,953,69.4,dB
955,94834.00000,954,65,dB
956,94835.00000,955,63,dB
957,94836.00000,956,61.7,dB
958,94837.00000,957,63.3,dB
959,94838.00000,958,61.7,dB
960,94839.00000,959,60,dB
961,94840.00000,960,64.7,dB
962,94841.00000,961,60.7,dB
963,94842.00000,962,61.8,dB
964,94843.00000,963,63.8,dB
965,94844.00000,964,62.2,dB
966,94845.00000,965,59.8,dB
967,94846.00000,966,68,dB
968,94847.00000,967,68.4,dB
969,94848.00000,968,60.1,dB
970,94849.00000,969,61.7,dB
971,94850.00000,970,63.6,dB
972,94851.00000,971,63.4,dB
973,94852.00000,972,64.9,dB
974,94853.00000,973,68,dB
975,94854.00000,974,75.2,dB
976,94855.00000,975,64.8,dB
977,94856.00000,976,63.8,dB
978,94857.00000,977,62.5,dB
979,94858.00000,978,61.1,dB
980,94859.00000,979,60.3,dB
981,94900.00000,980,64.4,dB
982,94901.00000,981,62.8,dB
983,94902.00000,982,60.6,dB
984,94903.00000,983,64.7,dB
985,94904.00000,984,58.5,dB
986,94905.00000,985,65.9,dB
987,94906.00000,986,57.8,dB
988,94907.00000,987,60,dB
989,94908.00000,988,57.4,dB
990,94909.00000,989,60.4,dB
991,94910.00000,990,63.3,dB
992,94911.00000,991,58.9,dB
993,94912.00000,992,63.8,dB
994,94913.00000,993,58.3,dB
995,94914.00000,994,56.7,dB
996,94915.00000,995,66.8,dB
997,94916.00000,996,57.9,dB
998,94917.00000,997,64.1,dB
999,94918.00000,998,54.5,dB
1000,94919.00000,999,56.8,dB
1001,94920.00000,1000,55.3,dB
1002,94921.00000,1001,53.9,dB
1003,94922.00000,1002,66.6,dB
1004,94923.00000,1003,62,dB
1005,94924.00000,1004,63.6,dB
1006,94925.00000,1005,60.6,dB
1007,94926.00000,1006,59.1,dB
1008,94927.00000,1007,59.5,dB
1009,94928.00000,1008,57.1,dB
1010,94929.00000,1009,58.1,dB
1011,94930.00000,1010,57.3,dB
1012,94931.00000,1011,56.8,dB
1013,94932.00000,1012,56.9,dB
1014,94933.00000,1013,62.2,dB
1015,94934.00000,1014,60.7,dB
1016,94935.00000,1015,57.8,dB
1017,94936.00000,1016,59.9,dB
1018,94937.00000,1017,54,dB
1019,94938.00000,1018,65.6,dB
1020,94939.00000,1019,54.5,dB
1021,94940.00000,1020,53.8,dB
1022,94941.00000,1021,68.2,dB
1023,94942.00000,1022,60.2,dB
1024,94943.00000,1023,63.1,dB
1025,94944.00000,1024,65.7,dB
1026,94945.00000,1025,55.8,dB
1027,94946.00000,1026,58.4,dB
1028,94947.00000,1027,61.1,dB
1029,94948.00000,1028,59.5,dB
1030,94949.00000,1029,59.7,dB
1031,94950.00000,1030,59.2,dB
1032,94951.00000,1031,66.7,dB
1033,94952.00000,1032,62.9,dB
1034,94953.00000,1033,59.8,dB
1035,94954.00000,1034,66.3,dB
1036,94955.00000,1035,54.5,dB
1037,94956.00000,1036,54.7,dB
1038,94957.00000,1037,53.3,dB
1039,94958.00000,1038,53.3,dB
1040,94959.00000,1039,64.1,dB
1041,95000.00000,1040,60.7,dB
1042,95001.00000,1041,57.9,dB
1043,95002.00000,1042,59.1,dB
1044,95003.00000,1043,63,dB
1045,95004.00000,1044,57.1,dB
1046,95005.00000,1045,54.9,dB
1047,95006.00000,1046,56.1,dB
1048,95007.00000,1047,56.4,dB
1049,95008.00000,1048,54.8,dB
1050,95009.00000,1049,66.9,dB
1051,95010.00000,1050,57.6,dB
1052,95011.00000,1051,56.2,dB
1053,95012.00000,1052,67.9,dB
1054,95013.00000,1053,72.4,dB
1055,95014.00000,1054,72,dB
1056,95015.00000,1055,69.2,dB
1057,95016.00000,1056,74.5,dB
1058,95017.00000,1057,72.4,dB
1059,95018.00000,1058,72.4,dB
1060,95019.00000,1059,67.7,dB
1061,95020.00000,1060,61.8,dB
1062,95021.00000,1061,61.2,dB
1063,95022.00000,1062,61.7,dB
1064,95023.00000,1063,57.4,dB
1065,95024.00000,1064,56,dB
1066,95025.00000,1065,54.2,dB
1067,95026.00000,1066,53.3,dB
1068,95027.00000,1067,56.2,dB
1069,95028.00000,1068,56.1,dB
1070,95029.00000,1069,55.1,dB
1071,95030.00000,1070,54.9,dB
1072,95031.00000,1071,54.2,dB
1073,95032.00000,1072,54.8,dB
1074,95033.00000,1073,54.2,dB
1075,95034.00000,1074,54.9,dB
1076,95035.00000,1075,60.2,dB
1077,95036.00000,1076,60.2,dB
1078,95037.00000,1077,61.1,dB
1079,95038.00000,1078,64.8,dB
1080,95039.00000,1079,63.5,dB
1081,95040.00000,1080,67,dB
1082,95041.00000,1081,71.3,dB
1083,95042.00000,1082,73,dB
1084,95043.00000,1083,74.6,dB
1085,95044.00000,1084,80.5,dB
1086,95045.00000,1085,85.9,dB
1087,95046.00000,1086,82.6,dB
1088,95047.00000,1087,77.4,dB
1089,95048.00000,1088,74.7,dB
1090,95049.00000,1089,69.2,dB
1091,95050.00000,1090,68.1,dB
1092,95051.00000,1091,63.7,dB
1093,95052.00000,1092,64.1,dB
1094,95053.00000,1093,62.6,dB
1095,95054.00000,1094,60.7,dB
1096,95055.00000,1095,62.2,dB
1097,95056.00000,1096,64.5,dB
1098,95057.00000,1097,56.9,dB
1099,95058.00000,1098,59.9,dB
1100,95059.00000,1099,56.6,dB
1101,95100.00000,1100,57.8,dB
1102,95101.00000,1101,56.4,dB
1103,95102.00000,1102,57.2,dB
1104,95103.00000,1103,57.2,dB
1105,95104.00000,1104,58.1,dB
1106,95105.00000,1105,62.5,dB
1107,95106.00000,1106,54.7,dB
1108,95107.00000,1107,55.3,dB
1109,95108.00000,1108,56.8,dB
1110,95109.00000,1109,54.2,dB
1111,95110.00000,1110,52.8,dB
1112,95111.00000,1111,53,dB
1113,95112.00000,1112,53.8,dB
1114,95113.00000,1113,55,dB
1115,95114.00000,1114,53.7,dB
1116,95115.00000,1115,54.4,dB
1117,95116.00000,1116,55.6,dB
1118,95117.00000,1117,54.3,dB
1119,95118.00000,1118,60,dB
1120,95119.00000,1119,61.9,dB
1121,95120.00000,1120,57.3,dB
1122,95121.00000,1121,58.4,dB
1123,95122.00000,1122,54.7,dB
1124,95123.00000,1123,57.6,dB
1125,95124.00000,1124,55.8,dB
1126,95125.00000,1125,55.2,dB
1127,95126.00000,1126,53.7,dB
1128,95127.00000,1127,55.3,dB
1129,95128.00000,1128,55,dB
1130,95129.00000,1129,62.1,dB
1131,95130.00000,1130,57.1,dB
1132,95131.00000,1131,58.2,dB
1133,95132.00000,1132,56.5,dB
1134,95133.00000,1133,58.1,dB
1135,95134.00000,1134,56.3,dB
1136,95135.00000,1135,55.7,dB
1137,95136.00000,1136,60.5,dB
1138,95137.00000,1137,57.6,dB
1139,95138.00000,1138,59.9,dB
1140,95139.00000,1139,60.2,dB
1141,95140.00000,1140,56.4,dB
1142,95141.00000,1141,59.1,dB
1143,95142.00000,1142,58.3,dB
1144,95143.00000,1143,52.8,dB
1145,95144.00000,1144,65.9,dB
1146,95145.00000,1145,65.2,dB
1147,95146.00000,1146,57.6,dB
1148,95147.00000,1147,63.5,dB
1149,95148.00000,1148,56.1,dB
1150,95149.00000,1149,58.8,dB
1151,95150.00000,1150,63.4,dB
1152,95151.00000,1151,61.1,dB
1153,95152.00000,1152,59.4,dB
1154,95153.00000,1153,58.8,dB
1155,95154.00000,1154,55.3,dB
1156,95155.00000,1155,61.2,dB
1157,95156.00000,1156,54,dB
1158,95157.00000,1157,52.2,dB
1159,95158.00000,1158,50.5,dB
1160,95159.00000,1159,52,dB
1161,95200.00000,1160,54.1,dB
1162,95201.00000,1161,53.8,dB
1163,95202.00000,1162,55.8,dB
1164,95203.00000,1163,52.5,dB
1165,95204.00000,1164,53.8,dB
1166,95205.00000,1165,59.8,dB
1167,95206.00000,1166,58.2,dB
1168,95207.00000,1167,62.8,dB
1169,95208.00000,1168,65.8,dB
1170,95209.00000,1169,56.3,dB
1171,95210.00000,1170,55.5,dB
1172,95211.00000,1171,56.5,dB
1173,95212.00000,1172,54.7,dB
1174,95213.00000,1173,60,dB
1175,95214.00000,1174,56.3,dB
1176,95215.00000,1175,55.5,dB
1177,95216.00000,1176,55.5,dB
1178,95217.00000,1177,63.9,dB
1179,95218.00000,1178,57.1,dB
1180,95219.00000,1179,58.4,dB
1181,95220.00000,1180,60.6,dB
1182,95221.00000,1181,74.3,dB
1183,95222.00000,1182,67.8,dB
1184,95223.00000,1183,55.3,dB
1185,95224.00000,1184,61.7,dB
1186,95225.00000,1185,60,dB
1187,95226.00000,1186,56.2,dB
1188,95227.00000,1187,60.6,dB
1189,95228.00000,1188,64,dB
1190,95229.00000,1189,58.6,dB
1191,95230.00000,1190,63,dB
1192,95231.00000,1191,68.8,dB
1193,95232.00000,1192,61.2,dB
1194,95233.00000,1193,59.5,dB
1195,95234.00000,1194,59.4,dB
1196,95235.00000,1195,54.3,dB
1197,95236.00000,1196,51.2,dB
1198,95237.00000,1197,50.1,dB
1199,95238.00000,1198,52.9,dB
1200,95239.00000,1199,53.2,dB
1201,95240.00000,1200,54.1,dB
1202,95241.00000,1201,61.1,dB
1203,95242.00000,1202,56.2,dB
1204,95243.00000,1203,55.2,dB
1205,95244.00000,1204,48.3,dB
1206,95245.00000,1205,56.2,dB
1207,95246.00000,1206,57.7,dB
1208,95247.00000,1207,52,dB
1209,95248.00000,1208,58.2,dB
1210,95249.00000,1209,59.3,dB
1211,95250.00000,1210,55.6,dB
1212,95251.00000,1211,50.4,dB
1213,95252.00000,1212,55.4,dB
1214,95253.00000,1213,55.5,dB
1215,95254.00000,1214,50.8,dB
1216,95255.00000,1215,53.2,dB
1217,95256.00000,1216,57.7,dB
1218,95257.00000,1217,49,dB
1219,95258.00000,1218,52.9,dB
1220,95259.00000,1219,50.2,dB
1221,95300.00000,1220,49.7,dB
1222,95301.00000,1221,52.6,dB
1223,95302.00000,1222,60.6,dB
1224,95303.00000,1223,59.6,dB
1225,95304.00000,1224,51.2,dB
1226,95305.00000,1225,57,dB
1227,95306.00000,1226,51,dB
1228,95307.00000,1227,52.3,dB
1229,95308.00000,1228,57,dB
1230,95309.00000,1229,52.6,dB
1231,95310.00000,1230,51.1,dB
1232,95311.00000,1231,59,dB
1233,95312.00000,1232,49.5,dB
1234,95313.00000,1233,52.1,dB
1235,95314.00000,1234,53.1,dB
1236,95315.00000,1235,48.5,dB
1237,95316.00000,1236,57.1,dB
1238,95317.00000,1237,53.9,dB
1239,95318.00000,1238,51.5,dB
1240,95319.00000,1239,48.1,dB
1241,95320.00000,1240,59.3,dB
1242,95321.00000,1241,65.6,dB
1243,95322.00000,1242,53,dB
1244,95323.00000,1243,58.3,dB
1245,95324.00000,1244,48.9,dB
1246,95325.00000,1245,51.9,dB
1247,95326.00000,1246,52.2,dB
1248,95327.00000,1247,65.9,dB
1249,95328.00000,1248,56.7,dB
1250,95329.00000,1249,47.7,dB
1251,95330.00000,1250,48.2,dB
1252,95331.00000,1251,48.2,dB
1253,95332.00000,1252,48.3,dB
1254,95333.00000,1253,48.4,dB
1255,95334.00000,1254,48.5,dB
1256,95335.00000,1255,51.3,dB
1257,95336.00000,1256,47.2,dB
1258,95337.00000,1257,52.1,dB
1259,95338.00000,1258,49.4,dB
1260,95339.00000,1259,53.5,dB
1261,95340.00000,1260,48,dB
1262,95341.00000,1261,60,dB
1263,95342.00000,1262,54.1,dB
1264,95343.00000,1263,54.2,dB
1265,95344.00000,1264,58.8,dB
1266,95345.00000,1265,60,dB
1267,95346.00000,1266,51.2,dB
1268,95347.00000,1267,63,dB
1269,95348.00000,1268,57.9,dB
1270,95349.00000,1269,61.1,dB
1271,95350.00000,1270,63.8,dB
1272,95351.00000,1271,60,dB
1273,95352.00000,1272,59.2,dB
1274,95353.00000,1273,53.8,dB
1275,95354.00000,1274,52.9,dB
1276,95355.00000,1275,58.8,dB
1277,95356.00000,1276,54.8,dB
1278,95357.00000,1277,53.6,dB
1279,95358.00000,1278,54,dB
1280,95359.00000,1279,51,dB
1281,95400.00000,1280,48.7,dB
1282,95401.00000,1281,48.2,dB
1283,95402.00000,1282,60.2,dB
1284,95403.00000,1283,54.5,dB
1285,95404.00000,1284,60.2,dB
1286,95405.00000,1285,59.2,dB
1287,95406.00000,1286,69.7,dB
1288,95407.00000,1287,61.5,dB
1289,95408.00000,1288,61.7,dB
1290,95409.00000,1289,58.9,dB
1291,95410.00000,1290,64.3,dB
1292,95411.00000,1291,69,dB
1293,95412.00000,1292,59.2,dB
1294,95413.00000,1293,56.3,dB
1295,95414.00000,1294,57.4,dB
1296,95415.00000,1295,58,dB
1297,95416.00000,1296,54.3,dB
1298,95417.00000,1297,58.2,dB
1299,95418.00000,1298,66,dB
1300,95419.00000,1299,62.2,dB
1301,95420.00000,1300,59.3,dB
1302,95421.00000,1301,53.4,dB
1303,95422.00000,1302,58,dB
1304,95423.00000,1303,51.2,dB
1305,95424.00000,1304,54.2,dB
1306,95425.00000,1305,57.3,dB
1307,95426.00000,1306,51,dB
1308,95427.00000,1307,51.3,dB
1309,95428.00000,1308,57.7,dB
1310,95429.00000,1309,54.5,dB
1311,95430.00000,1310,56.9,dB
1312,95431.00000,1311,54.4,dB
1313,95432.00000,1312,52.7,dB
1314,95433.00000,1313,52.1,dB
1315,95434.00000,1314,51.9,dB
1316,95435.00000,1315,52.4,dB
1317,95436.00000,1316,56.3,dB
1318,95437.00000,1317,51,dB
1319,95438.00000,1318,57,dB
1320,95439.00000,1319,61,dB
1321,95440.00000,1320,50.5,dB
1322,95441.00000,1321,56.8,dB
1323,95442.00000,1322,53.6,dB
1324,95443.00000,1323,57.2,dB
1325,95444.00000,1324,58.1,dB
1326,95445.00000,1325,58.1,dB
1327,95446.00000,1326,55.6,dB
1328,95447.00000,1327,56.8,dB
1329,95448.00000,1328,53.5,dB
1330,95449.00000,1329,61.6,dB
1331,95450.00000,1330,56.7,dB
1332,95451.00000,1331,57.8,dB
1333,95452.00000,1332,56.6,dB
1334,95453.00000,1333,58.2,dB
1335,95454.00000,1334,55.3,dB
1336,95455.00000,1335,65.3,dB
1337,95456.00000,1336,56.6,dB
1338,95457.00000,1337,63,dB
1339,95458.00000,1338,52.7,dB
1340,95459.00000,1339,48.6,dB
1341,95500.00000,1340,47.5,dB
1342,95501.00000,1341,47.5,dB
1343,95502.00000,1342,48.1,dB
1344,95503.00000,1343,47.8,dB
1345,95504.00000,1344,48.1,dB
1346,95505.00000,1345,56.8,dB
1347,95506.00000,1346,52.8,dB
1348,95507.00000,1347,48.7,dB
1349,95508.00000,1348,51.5,dB
1350,95509.00000,1349,57.1,dB
1351,95510.00000,1350,56.4,dB
1352,95511.00000,1351,52,dB
1353,95512.00000,1352,52.8,dB
1354,95513.00000,1353,47.9,dB
1355,95514.00000,1354,54.8,dB
1356,95515.00000,1355,52.6,dB
1357,95516.00000,1356,55.2,dB
1358,95517.00000,1357,54.6,dB
1359,95518.00000,1358,49.5,dB
1360,95519.00000,1359,47.8,dB
1361,95520.00000,1360,60.8,dB
1362,95521.00000,1361,52.5,dB
1363,95522.00000,1362,50.6,dB
1364,95523.00000,1363,49.6,dB
1365,95524.00000,1364,48.1,dB
1366,95525.00000,1365,47.5,dB
1367,95526.00000,1366,50,dB
1368,95527.00000,1367,48.6,dB
1369,95528.00000,1368,49.3,dB
1370,95529.00000,1369,49.9,dB
1371,95530.00000,1370,50,dB
1372,95531.00000,1371,50.8,dB
1373,95532.00000,1372,51,dB
1374,95533.00000,1373,51.2,dB
1375,95534.00000,1374,52.9,dB
1376,95535.00000,1375,54.3,dB
1377,95536.00000,1376,54.6,dB
1378,95537.00000,1377,52.3,dB
1379,95538.00000,1378,50.7,dB
1380,95539.00000,1379,50.9,dB
1381,95540.00000,1380,50.6,dB
1382,95541.00000,1381,50.6,dB
1383,95542.00000,1382,50.7,dB
1384,95543.00000,1383,50.2,dB
1385,95544.00000,1384,50.3,dB
1386,95545.00000,1385,50.4,dB
1387,95546.00000,1386,49.7,dB
1388,95547.00000,1387,53.3,dB
1389,95548.00000,1388,50.6,dB
1390,95549.00000,1389,55,dB
1391,95550.00000,1390,50.8,dB
1392,95551.00000,1391,54.6,dB
1393,95552.00000,1392,51.7,dB
1394,95553.00000,1393,57,dB
1395,95554.00000,1394,50.1,dB
1396,95555.00000,1395,52,dB
1397,95556.00000,1396,50.6,dB
1398,95557.00000,1397,50.7,dB
1399,95558.00000,1398,51.1,dB
1400,95559.00000,1399,52.4,dB
1401,95600.00000,1400,55.1,dB
1402,95601.00000,1401,58.6,dB
1403,95602.00000,1402,59.7,dB
1404,95603.00000,1403,62.3,dB
1405,95604.00000,1404,65.6,dB
1406,95605.00000,1405,67.9,dB
1407,95606.00000,1406,70.2,dB
1408,95607.00000,1407,76.6,dB
1409,95608.00000,1408,74,dB
1410,95609.00000,1409,75.6,dB
1411,95610.00000,1410,73.7,dB
1412,95611.00000,1411,80.4,dB
1413,95612.00000,1412,81.2,dB
1414,95613.00000,1413,83.9,dB
1415,95614.00000,1414,83.8,dB
1416,95615.00000,1415,85,dB
1417,95616.00000,1416,84.9,dB
1418,95617.00000,1417,84.5,dB
1419,95618.00000,1418,82.7,dB
1420,95619.00000,1419,79.8,dB
1421,95620.00000,1420,75.1,dB
1422,95621.00000,1421,71.7,dB
1423,95622.00000,1422,69.5,dB
1424,95623.00000,1423,69.8,dB
1425,95624.00000,1424,68.1,dB
1426,95625.00000,1425,65.1,dB
1427,95626.00000,1426,63.3,dB
1428,95627.00000,1427,62.5,dB
1429,95628.00000,1428,60.2,dB
1430,95629.00000,1429,62.5,dB
1431,95630.00000,1430,60.7,dB
1432,95631.00000,1431,60.1,dB
1433,95632.00000,1432,58.8,dB
1434,95633.00000,1433,65,dB
1435,95634.00000,1434,66.5,dB
1436,95635.00000,1435,61.6,dB
1437,95636.00000,1436,59.1,dB
1438,95637.00000,1437,55.3,dB
1439,95638.00000,1438,58.1,dB
1440,95639.00000,1439,58.3,dB
1441,95640.00000,1440,64.1,dB
1442,95641.00000,1441,52.7,dB
1443,95642.00000,1442,53,dB
1444,95643.00000,1443,54.9,dB
1445,95644.00000,1444,58.7,dB
1446,95645.00000,1445,63.2,dB
1447,95646.00000,1446,57.2,dB
1448,95647.00000,1447,58.8,dB
1449,95648.00000,1448,60,dB
1450,95649.00000,1449,63.5,dB
1451,95650.00000,1450,62.9,dB
1452,95651.00000,1451,65.5,dB
1453,95652.00000,1452,68.1,dB
1454,95653.00000,1453,71.6,dB
1455,95654.00000,1454,72.2,dB
1456,95655.00000,1455,76.7,dB
1457,95656.00000,1456,78.1,dB
1458,95657.00000,1457,79.7,dB
1459,95658.00000,1458,77.1,dB
1460,95659.00000,1459,76.6,dB
1461,95700.00000,1460,69.7,dB
1462,95701.00000,1461,72.4,dB
1463,95702.00000,1462,66.2,dB
1464,95703.00000,1463,69.2,dB
1465,95704.00000,1464,66.9,dB
1466,95705.00000,1465,63.7,dB
1467,95706.00000,1466,59.9,dB
1468,95707.00000,1467,63.3,dB
1469,95708.00000,1468,60.7,dB
1470,95709.00000,1469,59,dB
1471,95710.00000,1470,56.1,dB
1472,95711.00000,1471,60.6,dB
1473,95712.00000,1472,53.4,dB
1474,95713.00000,1473,55.8,dB
1475,95714.00000,1474,58.4,dB
1476,95715.00000,1475,56.2,dB
1477,95716.00000,1476,58.4,dB
1478,95717.00000,1477,56.8,dB
1479,95718.00000,1478,53.6,dB
1480,95719.00000,1479,56,dB
1481,95720.00000,1480,56.6,dB
1482,95721.00000,1481,54.6,dB
1483,95722.00000,1482,53.4,dB
1484,95723.00000,1483,49.6,dB
1485,95724.00000,1484,59.6,dB
1486,95725.00000,1485,59.9,dB
1487,95726.00000,1486,59,dB
1488,95727.00000,1487,54.3,dB
1489,95728.00000,1488,51.2,dB
1490,95729.00000,1489,58,dB
1491,95730.00000,1490,51,dB
1492,95731.00000,1491,52.2,dB
1493,95732.00000,1492,49,dB
1494,95733.00000,1493,48.8,dB
1495,95734.00000,1494,55.5,dB
1496,95735.00000,1495,54,dB
1497,95736.00000,1496,48.8,dB
1498,95737.00000,1497,60.7,dB
1499,95738.00000,1498,54.8,dB
1500,95739.00000,1499,58.9,dB
1501,95740.00000,1500,54.7,dB
1502,95741.00000,1501,54.8,dB
